{"cameraMode":{"drawMode":0,"name":"Shaded","section":"Shading Mode"},"sceneLighting":true,"audioPlay":false,"sceneViewState":{"showFog":true,"showMaterialUpdate":false,"showSkybox":true,"showFlares":true,"showImageEffects":true,"showParticleSystems":true},"in2DMode":false,"pivot":{"x":128.63278198242188,"y":29.6282958984375,"z":188.80186462402345},"rotation":{"x":-0.194770947098732,"y":-0.7485010027885437,"z":0.2504117488861084,"w":-0.5823763012886047},"size":0.8660253882408142,"orthographic":false}