{"cameraMode":{"drawMode":0,"name":"Shaded","section":"Shading Mode"},"sceneLighting":true,"audioPlay":false,"sceneViewState":{"showFog":true,"showMaterialUpdate":false,"showSkybox":true,"showFlares":true,"showImageEffects":true,"showParticleSystems":true},"in2DMode":false,"pivot":{"x":173.92770385742188,"y":46.327335357666019,"z":134.68431091308595},"rotation":{"x":-0.28318265080451968,"y":-0.3494488000869751,"z":0.11168781667947769,"w":-0.8861686587333679},"size":0.8660253882408142,"orthographic":false}