{"cameraMode":{"drawMode":0,"name":"Shaded","section":"Shading Mode"},"sceneLighting":true,"audioPlay":false,"sceneViewState":{"showFog":true,"showMaterialUpdate":false,"showSkybox":true,"showFlares":true,"showImageEffects":true,"showParticleSystems":true},"in2DMode":false,"pivot":{"x":47.92574691772461,"y":5.5300374031066898,"z":210.53872680664063},"rotation":{"x":0.22490860521793366,"y":0.007230655290186405,"z":-0.0021693056914955379,"w":0.9745674729347229},"size":2.083770513534546,"orthographic":false}