{"cameraMode":{"drawMode":0,"name":"Shaded","section":"Shading Mode"},"sceneLighting":true,"audioPlay":false,"sceneViewState":{"showFog":true,"showMaterialUpdate":false,"showSkybox":true,"showFlares":true,"showImageEffects":true,"showParticleSystems":true},"in2DMode":false,"pivot":{"x":56.99958801269531,"y":-20.799720764160158,"z":57.186893463134769},"rotation":{"x":0.05794583261013031,"y":-0.9390732049942017,"z":0.1975090652704239,"w":0.27537792921066286},"size":34.75397872924805,"orthographic":false}