{"cameraMode":{"drawMode":0,"name":"Shaded","section":"Shading Mode"},"sceneLighting":true,"audioPlay":false,"sceneViewState":{"showFog":true,"showMaterialUpdate":false,"showSkybox":true,"showFlares":true,"showImageEffects":true,"showParticleSystems":true},"in2DMode":false,"pivot":{"x":72.7403335571289,"y":71.88902282714844,"z":34.64942169189453},"rotation":{"x":-0.2946947515010834,"y":-0.20143194496631623,"z":0.06405218690633774,"w":-0.9320328235626221},"size":0.8660253882408142,"orthographic":false}