{"cameraMode":{"drawMode":0,"name":"Shaded","section":"Shading Mode"},"sceneLighting":true,"audioPlay":false,"sceneViewState":{"showFog":true,"showMaterialUpdate":false,"showSkybox":true,"showFlares":true,"showImageEffects":true,"showParticleSystems":true},"in2DMode":false,"pivot":{"x":113.87874603271485,"y":19.272050857543947,"z":105.06283569335938},"rotation":{"x":0.3734400272369385,"y":-0.026064088568091394,"z":0.01008718740195036,"w":0.9273703694343567},"size":4.426095485687256,"orthographic":false}