{"cameraMode":{"drawMode":0,"name":"Shaded","section":"Shading Mode"},"sceneLighting":true,"audioPlay":false,"sceneViewState":{"showFog":true,"showMaterialUpdate":false,"showSkybox":true,"showFlares":true,"showImageEffects":true,"showParticleSystems":true},"in2DMode":false,"pivot":{"x":103.03694915771485,"y":20.059232711791993,"z":126.06891632080078},"rotation":{"x":0.20750384032726289,"y":0.62408047914505,"z":-0.17713907361030579,"w":0.7322887182235718},"size":0.8660253882408142,"orthographic":false}