{"cameraMode":{"drawMode":0,"name":"Shaded","section":"Shading Mode"},"sceneLighting":true,"audioPlay":false,"sceneViewState":{"showFog":true,"showMaterialUpdate":false,"showSkybox":true,"showFlares":true,"showImageEffects":true,"showParticleSystems":true},"in2DMode":false,"pivot":{"x":99.35186767578125,"y":21.265321731567384,"z":118.00337219238281},"rotation":{"x":-0.1789921075105667,"y":-0.5466794371604919,"z":0.12109865248203278,"w":-0.8090687394142151},"size":0.8660253882408142,"orthographic":false}